timestamp,human_readable_date,value,context
1580920372612,2020-02-05 22:02:52,18.1,b'{}'
1580920371607,2020-02-05 22:02:51,17.8,b'{}'
1580920370653,2020-02-05 22:02:50,17.9,b'{}'
1580920370620,2020-02-05 22:02:50,17.8,b'{}'
1580920255712,2020-02-05 22:00:55,17.9,b'{}'
1580920254677,2020-02-05 22:00:54,17.8,b'{}'
1580920253731,2020-02-05 22:00:53,17.9,b'{}'
1580920253719,2020-02-05 22:00:53,17.8,b'{}'
1580535020027,2020-02-01 11:00:20,17.9,b'{}'
1580535019053,2020-02-01 11:00:19,17.8,b'{}'
1580535018017,2020-02-01 11:00:18,18.2,b'{}'
1580535017990,2020-02-01 11:00:17,17.8,b'{}'
1580534420887,2020-02-01 10:50:20,17.9,b'{}'
1580534419969,2020-02-01 10:50:19,17.8,b'{}'
1580534418910,2020-02-01 10:50:18,17.7,b'{}'
1580534418897,2020-02-01 10:50:18,17.8,b'{}'
1580533822859,2020-02-01 10:40:22,17.9,b'{}'
1580533821829,2020-02-01 10:40:21,17.8,b'{}'
1580533820908,2020-02-01 10:40:20,17.8,b'{}'
1580533820815,2020-02-01 10:40:20,17.7,b'{}'
1580532626746,2020-02-01 10:20:26,17.8,b'{}'
1580532625773,2020-02-01 10:20:25,17.8,b'{}'
1580532624776,2020-02-01 10:20:24,17.7,b'{}'
1580532624767,2020-02-01 10:20:24,17.8,b'{}'
1580532353896,2020-02-01 10:15:53,17.8,b'{}'
1580532353888,2020-02-01 10:15:53,17.8,b'{}'
1580532352970,2020-02-01 10:15:52,17.8,b'{}'
1580532351812,2020-02-01 10:15:51,17.7,b'{}'
1580532248581,2020-02-01 10:14:08,17.8,b'{}'
1580532247574,2020-02-01 10:14:07,18.3,b'{}'
1580532246605,2020-02-01 10:14:06,17.8,b'{}'
1580532246537,2020-02-01 10:14:06,17.7,b'{}'
1580532136095,2020-02-01 10:12:16,17.8,b'{}'
1580532135153,2020-02-01 10:12:15,18.3,b'{}'
1580532134110,2020-02-01 10:12:14,17.7,b'{}'
1580532134055,2020-02-01 10:12:14,17.8,b'{}'
1580532022473,2020-02-01 10:10:22,17.8,b'{}'
1580532021451,2020-02-01 10:10:21,18.3,b'{}'
1580532020487,2020-02-01 10:10:20,17.7,b'{}'
1580532020412,2020-02-01 10:10:20,17.8,b'{}'
1580531438544,2020-02-01 10:00:38,17.8,b'{}'
1580531437497,2020-02-01 10:00:37,18.3,b'{}'
1580531436507,2020-02-01 10:00:36,17.8,b'{}'
1580531436506,2020-02-01 10:00:36,17.7,b'{}'
1580530200489,2020-02-01 09:40:00,17.8,b'{}'
1580530199436,2020-02-01 09:39:59,18.3,b'{}'
1580530198473,2020-02-01 09:39:58,17.8,b'{}'
1580530198470,2020-02-01 09:39:58,0.0,b'{}'
1580529618044,2020-02-01 09:30:18,17.8,b'{}'
1580529617038,2020-02-01 09:30:17,18.3,b'{}'
1580529616068,2020-02-01 09:30:16,0.0,b'{}'
1580529616023,2020-02-01 09:30:16,17.8,b'{}'
1580528532306,2020-02-01 09:12:12,17.8,b'{}'
1580528529778,2020-02-01 09:12:09,17.9,b'{}'
1580528528747,2020-02-01 09:12:08,18.3,b'{}'
1580528527739,2020-02-01 09:12:07,0.0,b'{}'
1580528423778,2020-02-01 09:10:23,17.9,b'{}'
1580528422964,2020-02-01 09:10:22,18.3,b'{}'
1580528421813,2020-02-01 09:10:21,0.0,b'{}'
1580528421774,2020-02-01 09:10:21,17.8,b'{}'
1580527825706,2020-02-01 09:00:25,17.9,b'{}'
1580527824692,2020-02-01 09:00:24,18.3,b'{}'
1580527823660,2020-02-01 09:00:23,17.8,b'{}'
1580527823657,2020-02-01 09:00:23,0.0,b'{}'
1580527226272,2020-02-01 08:50:26,17.9,b'{}'
1580527225365,2020-02-01 08:50:25,18.3,b'{}'
1580527224276,2020-02-01 08:50:24,0.0,b'{}'
1580527224260,2020-02-01 08:50:24,17.9,b'{}'
1580526617025,2020-02-01 08:40:17,17.8,b'{}'
1580526615992,2020-02-01 08:40:15,18.3,b'{}'
1580526615032,2020-02-01 08:40:15,17.9,b'{}'
1580526614980,2020-02-01 08:40:14,0.0,b'{}'
1580525422277,2020-02-01 08:20:22,17.9,b'{}'
1580525421285,2020-02-01 08:20:21,18.3,b'{}'
1580525420298,2020-02-01 08:20:20,17.9,b'{}'
1580525420293,2020-02-01 08:20:20,0.0,b'{}'
1580524826687,2020-02-01 08:10:26,17.8,b'{}'
1580524825688,2020-02-01 08:10:25,18.3,b'{}'
1580524824638,2020-02-01 08:10:24,17.9,b'{}'
1580524824634,2020-02-01 08:10:24,0.0,b'{}'
1580524219439,2020-02-01 08:00:19,17.9,b'{}'
1580524218423,2020-02-01 08:00:18,18.3,b'{}'
1580524217416,2020-02-01 08:00:17,17.9,b'{}'
1580524217409,2020-02-01 08:00:17,0.0,b'{}'
1580523627670,2020-02-01 07:50:27,17.9,b'{}'
1580523626675,2020-02-01 07:50:26,18.3,b'{}'
1580523625694,2020-02-01 07:50:25,0.0,b'{}'
1580523625688,2020-02-01 07:50:25,18.1,b'{}'
1580523164546,2020-02-01 07:42:44,18.0,b'{}'
1580523163494,2020-02-01 07:42:43,18.3,b'{}'
1580523162462,2020-02-01 07:42:42,0.0,b'{}'
1580523162442,2020-02-01 07:42:42,18.1,b'{}'
1580523056759,2020-02-01 07:40:56,18.1,b'{}'
1580523055747,2020-02-01 07:40:55,18.3,b'{}'
1580523054836,2020-02-01 07:40:54,18.1,b'{}'
1580523054761,2020-02-01 07:40:54,0.0,b'{}'
1580520617224,2020-02-01 07:00:17,18.2,b'{}'
1580520616224,2020-02-01 07:00:16,18.3,b'{}'
1580520615222,2020-02-01 07:00:15,18.1,b'{}'
1580520615192,2020-02-01 07:00:15,0.0,b'{}'
1580520020263,2020-02-01 06:50:20,18.2,b'{}'
1580520019210,2020-02-01 06:50:19,18.3,b'{}'
1580520018275,2020-02-01 06:50:18,18.1,b'{}'
1580520018253,2020-02-01 06:50:18,0.0,b'{}'
1580519415569,2020-02-01 06:40:15,18.1,b'{}'
1580519414474,2020-02-01 06:40:14,18.3,b'{}'
1580519413597,2020-02-01 06:40:13,18.1,b'{}'
1580519413519,2020-02-01 06:40:13,0.0,b'{}'
1580518216319,2020-02-01 06:20:16,18.1,b'{}'
1580518215352,2020-02-01 06:20:15,18.3,b'{}'
1580518214351,2020-02-01 06:20:14,18.1,b'{}'
1580518214349,2020-02-01 06:20:14,0.0,b'{}'
1580515827294,2020-02-01 05:40:27,18.1,b'{}'
1580515826269,2020-02-01 05:40:26,18.3,b'{}'
1580515825292,2020-02-01 05:40:25,18.1,b'{}'
1580515825234,2020-02-01 05:40:25,0.0,b'{}'
1580515240228,2020-02-01 05:30:40,18.2,b'{}'
1580515239153,2020-02-01 05:30:39,18.3,b'{}'
1580515238165,2020-02-01 05:30:38,18.1,b'{}'
1580515238145,2020-02-01 05:30:38,0.0,b'{}'
1580513420325,2020-02-01 05:00:20,18.2,b'{}'
1580513419302,2020-02-01 05:00:19,18.3,b'{}'
1580513418348,2020-02-01 05:00:18,0.0,b'{}'
1580513418318,2020-02-01 05:00:18,18.1,b'{}'
1580513053926,2020-02-01 04:54:13,18.2,b'{}'
1580513052981,2020-02-01 04:54:12,18.3,b'{}'
1580513051954,2020-02-01 04:54:11,0.0,b'{}'
1580513051887,2020-02-01 04:54:11,18.2,b'{}'
1580512948857,2020-02-01 04:52:28,18.2,b'{}'
1580512948041,2020-02-01 04:52:28,18.3,b'{}'
1580512946922,2020-02-01 04:52:26,18.2,b'{}'
1580512946870,2020-02-01 04:52:26,0.0,b'{}'
1580512848659,2020-02-01 04:50:48,18.2,b'{}'
1580512847703,2020-02-01 04:50:47,18.3,b'{}'
1580512846627,2020-02-01 04:50:46,18.2,b'{}'
1580512846625,2020-02-01 04:50:46,0.0,b'{}'
1580511631061,2020-02-01 04:30:31,18.2,b'{}'
1580511630105,2020-02-01 04:30:30,18.3,b'{}'
1580511629096,2020-02-01 04:30:29,18.2,b'{}'
1580511629038,2020-02-01 04:30:29,0.0,b'{}'
1580506222176,2020-02-01 03:00:22,18.3,b'{}'
1580506221111,2020-02-01 03:00:21,18.3,b'{}'
1580506220235,2020-02-01 03:00:20,18.2,b'{}'
1580506220118,2020-02-01 03:00:20,0.0,b'{}'
1580505620025,2020-02-01 02:50:20,18.3,b'{}'
1580505618950,2020-02-01 02:50:18,18.3,b'{}'
1580505617989,2020-02-01 02:50:17,18.2,b'{}'
1580505617985,2020-02-01 02:50:17,0.0,b'{}'
1580502622753,2020-02-01 02:00:22,18.2,b'{}'
1580502621302,2020-02-01 02:00:21,18.3,b'{}'
1580502620308,2020-02-01 02:00:20,18.2,b'{}'
1580502620294,2020-02-01 02:00:20,0.0,b'{}'
1580500222326,2020-02-01 01:20:22,18.2,b'{}'
1580500219683,2020-02-01 01:20:19,18.2,b'{}'
1580500218507,2020-02-01 01:20:18,18.3,b'{}'
1580500217547,2020-02-01 01:20:17,0.0,b'{}'
1580499723794,2020-02-01 01:12:03,18.2,b'{}'
1580499723001,2020-02-01 01:12:03,18.3,b'{}'
1580499721769,2020-02-01 01:12:01,0.0,b'{}'
1580499721763,2020-02-01 01:12:01,18.2,b'{}'
1580499617780,2020-02-01 01:10:17,18.2,b'{}'
1580499616815,2020-02-01 01:10:16,18.3,b'{}'
1580499615793,2020-02-01 01:10:15,0.0,b'{}'
1580499615773,2020-02-01 01:10:15,18.2,b'{}'
1580497529609,2020-02-01 00:35:29,18.2,b'{}'
1580497528671,2020-02-01 00:35:28,18.3,b'{}'
1580497527637,2020-02-01 00:35:27,0.0,b'{}'
1580497527604,2020-02-01 00:35:27,18.4,b'{}'
1580497428007,2020-02-01 00:33:48,18.2,b'{}'
1580497426978,2020-02-01 00:33:46,18.3,b'{}'
1580497426066,2020-02-01 00:33:46,0.0,b'{}'
1580497426005,2020-02-01 00:33:46,18.4,b'{}'
1580497323312,2020-02-01 00:32:03,18.2,b'{}'
1580497322406,2020-02-01 00:32:02,18.3,b'{}'
1580497321380,2020-02-01 00:32:01,0.0,b'{}'
1580497321313,2020-02-01 00:32:01,18.4,b'{}'
1580497217458,2020-02-01 00:30:17,18.2,b'{}'
1580497216475,2020-02-01 00:30:16,18.3,b'{}'
1580497215489,2020-02-01 00:30:15,18.4,b'{}'
1580497215485,2020-02-01 00:30:15,0.0,b'{}'
1580496336693,2020-02-01 00:15:36,18.3,b'{}'
1580496335735,2020-02-01 00:15:35,18.3,b'{}'
1580496334730,2020-02-01 00:15:34,18.4,b'{}'
1580496334683,2020-02-01 00:15:34,0.0,b'{}'
1580496232209,2020-02-01 00:13:52,18.3,b'{}'
1580496230219,2020-02-01 00:13:50,0.0,b'{}'
1580496230213,2020-02-01 00:13:50,18.4,b'{}'
1580496126465,2020-02-01 00:12:06,18.3,b'{}'
1580496124527,2020-02-01 00:12:04,0.0,b'{}'
1580496124481,2020-02-01 00:12:04,18.4,b'{}'
1580496018215,2020-02-01 00:10:18,18.3,b'{}'
1580496016184,2020-02-01 00:10:16,0.0,b'{}'
1580496016178,2020-02-01 00:10:16,18.4,b'{}'
1580494227909,2020-01-31 23:40:27,18.4,b'{}'
1580494225822,2020-01-31 23:40:25,18.4,b'{}'
1580494225808,2020-01-31 23:40:25,0.0,b'{}'
1580493012780,2020-01-31 23:20:12,18.4,b'{}'
1580493010763,2020-01-31 23:20:10,18.4,b'{}'
1580493010706,2020-01-31 23:20:10,0.0,b'{}'
1580491211063,2020-01-31 22:50:11,18.4,b'{}'
1580491208811,2020-01-31 22:50:08,0.0,b'{}'
1580491208802,2020-01-31 22:50:08,18.0,b'{}'
1580490025827,2020-01-31 22:30:25,18.3,b'{}'
1580490023009,2020-01-31 22:30:23,0.0,b'{}'
1580490022939,2020-01-31 22:30:22,18.0,b'{}'
1580489419942,2020-01-31 22:20:19,18.2,b'{}'
1580489417930,2020-01-31 22:20:17,0.0,b'{}'
1580489417919,2020-01-31 22:20:17,18.0,b'{}'
1580489058313,2020-01-31 22:14:18,18.3,b'{}'
1580489056007,2020-01-31 22:14:16,18.0,b'{}'
1580489055959,2020-01-31 22:14:15,0.0,b'{}'
1580488965117,2020-01-31 22:12:45,18.4,b'{}'
1580488963123,2020-01-31 22:12:43,18.0,b'{}'
1580488963113,2020-01-31 22:12:43,0.0,b'{}'
1580488814016,2020-01-31 22:10:14,18.2,b'{}'
1580488812032,2020-01-31 22:10:12,18.0,b'{}'
1580488811990,2020-01-31 22:10:11,0.0,b'{}'
1580488316535,2020-01-31 22:01:56,18.1,b'{}'
1580488314537,2020-01-31 22:01:54,18.0,b'{}'
1580488314415,2020-01-31 22:01:54,0.0,b'{}'
1580488204840,2020-01-31 22:00:04,18.1,b'{}'
1580488202825,2020-01-31 22:00:02,18.0,b'{}'
1580488202809,2020-01-31 22:00:02,0.0,b'{}'
1580488110144,2020-01-31 21:58:30,18.1,b'{}'
1580488108197,2020-01-31 21:58:28,0.0,b'{}'
1580487993707,2020-01-31 21:56:33,18.1,b'{}'
1580487991508,2020-01-31 21:56:31,0.0,b'{}'
1580487991483,2020-01-31 21:56:31,-2.5727052089511287e+38,b'{}'
1580487617693,2020-01-31 21:50:17,17.6,b'{}'
1580487615713,2020-01-31 21:50:15,-2.5727052089511287e+38,b'{}'
1580487615697,2020-01-31 21:50:15,0.0,b'{}'
1580487313641,2020-01-31 21:45:13,17.6,b'{}'
1580487301557,2020-01-31 21:45:01,0.0,b'{}'
1580487301510,2020-01-31 21:45:01,-2.5727052089511287e+38,b'{}'
1580487175314,2020-01-31 21:42:55,17.5,b'{}'
1580487173379,2020-01-31 21:42:53,0.0,b'{}'
1580487173374,2020-01-31 21:42:53,-2.5727052089511287e+38,b'{}'
1580486998956,2020-01-31 21:39:58,17.4,b'{}'
1580486996998,2020-01-31 21:39:56,-2.5727052089511287e+38,b'{}'
1580486996963,2020-01-31 21:39:56,0.0,b'{}'
1580486900556,2020-01-31 21:38:20,17.3,b'{}'
1580486898577,2020-01-31 21:38:18,0.0,b'{}'
1580486898535,2020-01-31 21:38:18,-2.5727052089511287e+38,b'{}'
1580448944833,2020-01-31 11:05:44,17.9,b'{}'
1580448942485,2020-01-31 11:05:42,-2.5727052089511287e+38,b'{}'
1580448942464,2020-01-31 11:05:42,0.0,b'{}'
1580448478682,2020-01-31 10:57:58,17.9,b'{}'
1580448476645,2020-01-31 10:57:56,-2.5727052089511287e+38,b'{}'
1580448476579,2020-01-31 10:57:56,0.0,b'{}'
1580447542165,2020-01-31 10:42:22,17.7,b'{}'
1580447540258,2020-01-31 10:42:20,-2.5727052089511287e+38,b'{}'
1580447540127,2020-01-31 10:42:20,0.0,b'{}'
1580447426411,2020-01-31 10:40:26,17.7,b'{}'
1580447424396,2020-01-31 10:40:24,0.0,b'{}'
1580447424393,2020-01-31 10:40:24,-2.5727052089511287e+38,b'{}'
1580446810488,2020-01-31 10:30:10,17.7,b'{}'
1580446808523,2020-01-31 10:30:08,0.0,b'{}'
1580446808495,2020-01-31 10:30:08,-2.5727052089511287e+38,b'{}'
1580446767381,2020-01-31 10:29:27,17.7,b'{}'
1580446765546,2020-01-31 10:29:25,0.0,b'{}'
1580446765197,2020-01-31 10:29:25,-2.5727052089511287e+38,b'{}'
1580446652918,2020-01-31 10:27:32,17.6,b'{}'
1580446650898,2020-01-31 10:27:30,-2.5727052089511287e+38,b'{}'
1580446650890,2020-01-31 10:27:30,0.0,b'{}'
1580445015371,2020-01-31 10:00:15,18.2,b'{}'
1580445013410,2020-01-31 10:00:13,-2.5727052089511287e+38,b'{}'
1580445013391,2020-01-31 10:00:13,0.0,b'{}'
1580444423847,2020-01-31 09:50:23,18.2,b'{}'
1580444422017,2020-01-31 09:50:22,0.0,b'{}'
1580444422004,2020-01-31 09:50:22,-2.5727052089511287e+38,b'{}'
1580443813706,2020-01-31 09:40:13,18.2,b'{}'
1580443811775,2020-01-31 09:40:11,0.0,b'{}'
1580443811698,2020-01-31 09:40:11,-2.5727052089511287e+38,b'{}'
1580440829023,2020-01-31 08:50:29,18.2,b'{}'
1580440827039,2020-01-31 08:50:27,-2.5727052089511287e+38,b'{}'
1580440827035,2020-01-31 08:50:27,0.0,b'{}'
1580439616800,2020-01-31 08:30:16,18.2,b'{}'
1580439614795,2020-01-31 08:30:14,0.0,b'{}'
1580439018711,2020-01-31 08:20:18,18.2,b'{}'
1580439016747,2020-01-31 08:20:16,0.0,b'{}'
1580439016715,2020-01-31 08:20:16,-2.5727052089511287e+38,b'{}'
1580438415135,2020-01-31 08:10:15,18.2,b'{}'
1580438413119,2020-01-31 08:10:13,0.0,b'{}'
1580438413108,2020-01-31 08:10:13,-2.5727052089511287e+38,b'{}'
1580437816957,2020-01-31 08:00:16,18.2,b'{}'
1580437814956,2020-01-31 08:00:14,-2.5727052089511287e+38,b'{}'
1580437814930,2020-01-31 08:00:14,0.0,b'{}'
1580435411532,2020-01-31 07:20:11,18.2,b'{}'
1580435409559,2020-01-31 07:20:09,-2.5727052089511287e+38,b'{}'
1580435409500,2020-01-31 07:20:09,0.0,b'{}'
1580434164473,2020-01-31 06:59:24,18.2,b'{}'
1580434162445,2020-01-31 06:59:22,0.0,b'{}'
1580434162400,2020-01-31 06:59:22,-2.5727052089511287e+38,b'{}'
1580434062867,2020-01-31 06:57:42,18.3,b'{}'
1580434060864,2020-01-31 06:57:40,0.0,b'{}'
1580434060862,2020-01-31 06:57:40,-2.5727052089511287e+38,b'{}'
1580433616530,2020-01-31 06:50:16,18.4,b'{}'
1580433614662,2020-01-31 06:50:14,-2.5727052089511287e+38,b'{}'
1580433614587,2020-01-31 06:50:14,0.0,b'{}'
1580433110216,2020-01-31 06:41:50,18.4,b'{}'
1580433108182,2020-01-31 06:41:48,-2.5727052089511287e+38,b'{}'
1580433108156,2020-01-31 06:41:48,0.0,b'{}'
1580433011306,2020-01-31 06:40:11,18.5,b'{}'
1580433009247,2020-01-31 06:40:09,0.0,b'{}'
1580433009233,2020-01-31 06:40:09,-2.5727052089511287e+38,b'{}'
1580432526234,2020-01-31 06:32:06,18.5,b'{}'
1580432524291,2020-01-31 06:32:04,0.0,b'{}'
1580432524255,2020-01-31 06:32:04,-2.5727052089511287e+38,b'{}'
1580432425825,2020-01-31 06:30:25,19.0,b'{}'
1580432423851,2020-01-31 06:30:23,-2.5727052089511287e+38,b'{}'
1580432423813,2020-01-31 06:30:23,0.0,b'{}'
1580431819767,2020-01-31 06:20:19,19.0,b'{}'
1580431817666,2020-01-31 06:20:17,-2.5727052089511287e+38,b'{}'
1580431817637,2020-01-31 06:20:17,0.0,b'{}'
1580431225515,2020-01-31 06:10:25,19.0,b'{}'
1580431223489,2020-01-31 06:10:23,0.0,b'{}'
1580431223483,2020-01-31 06:10:23,-2.5727052089511287e+38,b'{}'
1580430621438,2020-01-31 06:00:21,19.0,b'{}'
1580430619478,2020-01-31 06:00:19,-2.5727052089511287e+38,b'{}'
1580430619458,2020-01-31 06:00:19,0.0,b'{}'
1580430028830,2020-01-31 05:50:28,19.0,b'{}'
1580430026857,2020-01-31 05:50:26,-2.5727052089511287e+38,b'{}'
1580430026766,2020-01-31 05:50:26,0.0,b'{}'
1580428818095,2020-01-31 05:30:18,19.0,b'{}'
1580428816169,2020-01-31 05:30:16,-2.5727052089511287e+38,b'{}'
1580428816125,2020-01-31 05:30:16,0.0,b'{}'
1580428222791,2020-01-31 05:20:22,19.0,b'{}'
1580428220839,2020-01-31 05:20:20,-2.5727052089511287e+38,b'{}'
1580428220791,2020-01-31 05:20:20,0.0,b'{}'
1580427620579,2020-01-31 05:10:20,19.0,b'{}'
1580427618416,2020-01-31 05:10:18,0.0,b'{}'
1580427618398,2020-01-31 05:10:18,-2.5727052089511287e+38,b'{}'
1580426423937,2020-01-31 04:50:23,19.0,b'{}'
1580426421893,2020-01-31 04:50:21,-2.5727052089511287e+38,b'{}'
1580426421879,2020-01-31 04:50:21,0.0,b'{}'
1580425820840,2020-01-31 04:40:20,19.0,b'{}'
1580425818555,2020-01-31 04:40:18,-2.5727052089511287e+38,b'{}'
1580425818551,2020-01-31 04:40:18,0.0,b'{}'
1580425227965,2020-01-31 04:30:27,19.0,b'{}'
1580425226134,2020-01-31 04:30:26,-2.5727052089511287e+38,b'{}'
1580425226097,2020-01-31 04:30:26,0.0,b'{}'
1580424627937,2020-01-31 04:20:27,19.0,b'{}'
1580424625970,2020-01-31 04:20:25,0.0,b'{}'
1580424625914,2020-01-31 04:20:25,-2.5727052089511287e+38,b'{}'
1580423526676,2020-01-31 04:02:06,19.0,b'{}'
1580423524729,2020-01-31 04:02:04,-2.5727052089511287e+38,b'{}'
1580423524677,2020-01-31 04:02:04,0.0,b'{}'
1580423422711,2020-01-31 04:00:22,18.9,b'{}'
1580423420716,2020-01-31 04:00:20,0.0,b'{}'
1580423420703,2020-01-31 04:00:20,-2.5727052089511287e+38,b'{}'
1580422819573,2020-01-31 03:50:19,18.9,b'{}'
1580422817551,2020-01-31 03:50:17,0.0,b'{}'
1580422817504,2020-01-31 03:50:17,-2.5727052089511287e+38,b'{}'
1580421619984,2020-01-31 03:30:19,18.9,b'{}'
1580421619069,2020-01-31 03:30:19,0.0,b'{}'
1580421617984,2020-01-31 03:30:17,-2.5727052089511287e+38,b'{}'
1580421018805,2020-01-31 03:20:18,18.9,b'{}'
1580421016757,2020-01-31 03:20:16,0.0,b'{}'
1580421016746,2020-01-31 03:20:16,-2.5727052089511287e+38,b'{}'
1580419928006,2020-01-31 03:02:08,18.9,b'{}'
1580419925971,2020-01-31 03:02:05,0.0,b'{}'
1580419818123,2020-01-31 03:00:18,18.3,b'{}'
1580419816130,2020-01-31 03:00:16,0.0,b'{}'
1580419816122,2020-01-31 03:00:16,-2.5727052089511287e+38,b'{}'
1580419221823,2020-01-31 02:50:21,18.3,b'{}'
1580419219870,2020-01-31 02:50:19,0.0,b'{}'
1580419219836,2020-01-31 02:50:19,-2.5727052089511287e+38,b'{}'
1580418625390,2020-01-31 02:40:25,18.3,b'{}'
1580418623398,2020-01-31 02:40:23,0.0,b'{}'
1580418623384,2020-01-31 02:40:23,-2.5727052089511287e+38,b'{}'
1580418030476,2020-01-31 02:30:30,18.3,b'{}'
1580418028626,2020-01-31 02:30:28,-2.5727052089511287e+38,b'{}'
1580418028439,2020-01-31 02:30:28,0.0,b'{}'
1580417419402,2020-01-31 02:20:19,18.3,b'{}'
1580417417547,2020-01-31 02:20:17,0.0,b'{}'
1580417417530,2020-01-31 02:20:17,-2.5727052089511287e+38,b'{}'
1580416821456,2020-01-31 02:10:21,18.3,b'{}'
1580416819458,2020-01-31 02:10:19,0.0,b'{}'
1580416819434,2020-01-31 02:10:19,-2.5727052089511287e+38,b'{}'
1580416222734,2020-01-31 02:00:22,18.3,b'{}'
1580416220783,2020-01-31 02:00:20,0.0,b'{}'
1580416220772,2020-01-31 02:00:20,-2.5727052089511287e+38,b'{}'
1580415939196,2020-01-31 01:55:39,18.3,b'{}'
1580415937157,2020-01-31 01:55:37,0.0,b'{}'
1580415937151,2020-01-31 01:55:37,-2.5727052089511287e+38,b'{}'
1580415835336,2020-01-31 01:53:55,18.3,b'{}'
1580415833325,2020-01-31 01:53:53,-2.5727052089511287e+38,b'{}'
1580415833312,2020-01-31 01:53:53,0.0,b'{}'
1580415732735,2020-01-31 01:52:12,18.3,b'{}'
1580415730545,2020-01-31 01:52:10,-2.5727052089511287e+38,b'{}'
1580415730536,2020-01-31 01:52:10,0.0,b'{}'
1580414514731,2020-01-31 01:31:54,18.4,b'{}'
1580414512714,2020-01-31 01:31:52,-2.5727052089511287e+38,b'{}'
1580414512671,2020-01-31 01:31:52,0.0,b'{}'
1580414414062,2020-01-31 01:30:14,18.6,b'{}'
1580414412129,2020-01-31 01:30:12,0.0,b'{}'
1580414412114,2020-01-31 01:30:12,-2.5727052089511287e+38,b'{}'
1580412628172,2020-01-31 01:00:28,18.6,b'{}'
1580412626232,2020-01-31 01:00:26,-2.5727052089511287e+38,b'{}'
1580412626141,2020-01-31 01:00:26,0.0,b'{}'
1580412029638,2020-01-31 00:50:29,18.6,b'{}'
1580412027133,2020-01-31 00:50:27,-2.5727052089511287e+38,b'{}'
1580410816433,2020-01-31 00:30:16,18.6,b'{}'
1580410814330,2020-01-31 00:30:14,0.0,b'{}'
1580410814295,2020-01-31 00:30:14,-2.5727052089511287e+38,b'{}'
1580410215246,2020-01-31 00:20:15,18.6,b'{}'
1580410213291,2020-01-31 00:20:13,0.0,b'{}'
1580410213239,2020-01-31 00:20:13,-2.5727052089511287e+38,b'{}'
1580409616674,2020-01-31 00:10:16,18.6,b'{}'
1580409614611,2020-01-31 00:10:14,-2.5727052089511287e+38,b'{}'
1580409614604,2020-01-31 00:10:14,0.0,b'{}'
1580409131293,2020-01-31 00:02:11,18.6,b'{}'
1580409129326,2020-01-31 00:02:09,0.0,b'{}'
1580409129323,2020-01-31 00:02:09,-2.5727052089511287e+38,b'{}'
1580409030595,2020-01-31 00:00:30,18.7,b'{}'
1580409029016,2020-01-31 00:00:29,-2.5727052089511287e+38,b'{}'
1580409028988,2020-01-31 00:00:28,0.0,b'{}'
1580408415008,2020-01-30 23:50:15,18.7,b'{}'
1580408413021,2020-01-30 23:50:13,-2.5727052089511287e+38,b'{}'
1580408413020,2020-01-30 23:50:13,0.0,b'{}'
1580407818225,2020-01-30 23:40:18,18.7,b'{}'
1580407816202,2020-01-30 23:40:16,-2.5727052089511287e+38,b'{}'
1580407816197,2020-01-30 23:40:16,0.0,b'{}'
1580407436025,2020-01-30 23:33:56,18.7,b'{}'
1580407434070,2020-01-30 23:33:54,0.0,b'{}'
1580407434061,2020-01-30 23:33:54,-2.5727052089511287e+38,b'{}'
1580407331974,2020-01-30 23:32:11,18.7,b'{}'
1580407330388,2020-01-30 23:32:10,0.0,b'{}'
1580407330361,2020-01-30 23:32:10,-2.5727052089511287e+38,b'{}'
1580407230685,2020-01-30 23:30:30,0.0,b'{}'
1580407228676,2020-01-30 23:30:28,-2.5727052089511287e+38,b'{}'
1580407228670,2020-01-30 23:30:28,0.0,b'{}'
1580406972286,2020-01-30 23:26:12,0.0,b'{}'
1580406970350,2020-01-30 23:26:10,-2.5727052089511287e+38,b'{}'
1580406970320,2020-01-30 23:26:10,0.0,b'{}'
1580406913628,2020-01-30 23:25:13,0.0,b'{}'
1580406911614,2020-01-30 23:25:11,-2.5727052089511287e+38,b'{}'
1580406911604,2020-01-30 23:25:11,0.0,b'{}'
1580406810519,2020-01-30 23:23:30,0.0,b'{}'
1580406808528,2020-01-30 23:23:28,0.0,b'{}'
1580406808519,2020-01-30 23:23:28,-2.5727052089511287e+38,b'{}'
1580406764099,2020-01-30 23:22:44,0.0,b'{}'
1580406762058,2020-01-30 23:22:42,0.0,b'{}'
1580406762057,2020-01-30 23:22:42,-2.5727052089511287e+38,b'{}'
1580406662310,2020-01-30 23:21:02,0.0,b'{}'
1580406660318,2020-01-30 23:21:00,-2.5727052089511287e+38,b'{}'
1580406660273,2020-01-30 23:21:00,0.0,b'{}'
1580406560676,2020-01-30 23:19:20,0.0,b'{}'
1580406558778,2020-01-30 23:19:18,-2.5727052089511287e+38,b'{}'
1580406558639,2020-01-30 23:19:18,0.0,b'{}'
1580406454135,2020-01-30 23:17:34,0.0,b'{}'
1580406452067,2020-01-30 23:17:32,-2.5727052089511287e+38,b'{}'
1580406452065,2020-01-30 23:17:32,0.0,b'{}'
1580405799343,2020-01-30 23:06:39,0.0,b'{}'
1580405796966,2020-01-30 23:06:36,0.0,b'{}'
1580405796935,2020-01-30 23:06:36,-2.5727052089511287e+38,b'{}'
1580405748332,2020-01-30 23:05:48,0.0,b'{}'
1580405746293,2020-01-30 23:05:46,-2.5727052089511287e+38,b'{}'
1580405746282,2020-01-30 23:05:46,0.0,b'{}'
1580405697433,2020-01-30 23:04:57,-2.5727052089511287e+38,b'{}'
1580405695464,2020-01-30 23:04:55,0.0,b'{}'
1580405695443,2020-01-30 23:04:55,-2.5727052089511287e+38,b'{}'
1580405590069,2020-01-30 23:03:10,-2.5727052089511287e+38,b'{}'
1580405588193,2020-01-30 23:03:08,0.0,b'{}'
1580405588146,2020-01-30 23:03:08,-2.5727052089511287e+38,b'{}'
1580405497249,2020-01-30 23:01:37,-2.5727052089511287e+38,b'{}'
1580405495308,2020-01-30 23:01:35,0.0,b'{}'
1580405495267,2020-01-30 23:01:35,-2.5727052089511287e+38,b'{}'
1580405431077,2020-01-30 23:00:31,-2.5727052089511287e+38,b'{}'
1580405429049,2020-01-30 23:00:29,-2.5727052089511287e+38,b'{}'
1580405429019,2020-01-30 23:00:29,0.0,b'{}'
1580404990987,2020-01-30 22:53:10,-2.5727052089511287e+38,b'{}'
1580404988879,2020-01-30 22:53:08,-2.5727052089511287e+38,b'{}'
1580404988796,2020-01-30 22:53:08,0.0,b'{}'
1580404894149,2020-01-30 22:51:34,-2.5727052089511287e+38,b'{}'
1580404892120,2020-01-30 22:51:32,0.0,b'{}'
1580404892118,2020-01-30 22:51:32,-2.5727052089511287e+38,b'{}'
1580404840028,2020-01-30 22:50:40,17.6,b'{}'
1580404838062,2020-01-30 22:50:38,17.6,b'{}'
1580404838061,2020-01-30 22:50:38,0.0,b'{}'
1580148049760,2020-01-27 23:30:49,17.6,b'{}'
1580148047878,2020-01-27 23:30:47,0.0,b'{}'
1580147946801,2020-01-27 23:29:06,17.6,b'{}'
1580147944791,2020-01-27 23:29:04,0.0,b'{}'
1580147905223,2020-01-27 23:28:25,17.6,b'{}'
1580147903274,2020-01-27 23:28:23,0.0,b'{}'
1580147738317,2020-01-27 23:25:38,17.4,b'{}'
1580147736479,2020-01-27 23:25:36,0.0,b'{}'
1580133547195,2020-01-27 19:29:07,17.9,b'{}'
1580133545166,2020-01-27 19:29:05,0.0,b'{}'
1580133391215,2020-01-27 19:26:31,17.9,b'{}'
1580133388978,2020-01-27 19:26:28,0.0,b'{}'
1580133174974,2020-01-27 19:22:54,17.8,b'{}'
1580133173014,2020-01-27 19:22:53,0.0,b'{}'
1580133076860,2020-01-27 19:21:16,17.8,b'{}'
1580133074833,2020-01-27 19:21:14,0.0,b'{}'
1580132905606,2020-01-27 19:18:25,0.0,b'{}'
1580132901768,2020-01-27 19:18:21,17.8,b'{}'
1580067075461,2020-01-27 01:01:15,20.9,b'{}'
1580067073462,2020-01-27 01:01:13,0.0,b'{}'
1580066829544,2020-01-27 00:57:09,21.0,b'{}'
1580066827578,2020-01-27 00:57:07,0.0,b'{}'
1580066721849,2020-01-27 00:55:21,21.0,b'{}'
1580066719893,2020-01-27 00:55:19,0.0,b'{}'
1580066342356,2020-01-27 00:49:02,20.8,b'{}'
1580066340038,2020-01-27 00:49:00,0.0,b'{}'
1580066237897,2020-01-27 00:47:17,20.6,b'{}'
1580066235892,2020-01-27 00:47:15,0.0,b'{}'
1580066074265,2020-01-27 00:44:34,20.5,b'{}'
1580066072413,2020-01-27 00:44:32,0.0,b'{}'
1580065957282,2020-01-27 00:42:37,20.5,b'{}'
1580065955270,2020-01-27 00:42:35,0.0,b'{}'
1580065856164,2020-01-27 00:40:56,20.6,b'{}'
1580065854201,2020-01-27 00:40:54,0.0,b'{}'
1580065727557,2020-01-27 00:38:47,20.6,b'{}'
1580065725504,2020-01-27 00:38:45,0.0,b'{}'
1580065630310,2020-01-27 00:37:10,20.6,b'{}'
1580065628237,2020-01-27 00:37:08,0.0,b'{}'
1580065557994,2020-01-27 00:35:57,20.6,b'{}'
1580063435948,2020-01-27 00:00:35,20.5,b'{}'
1580062846148,2020-01-26 23:50:46,20.7,b'{}'
1580062234463,2020-01-26 23:40:34,20.4,b'{}'
1580061633331,2020-01-26 23:30:33,20.3,b'{}'
1580061047938,2020-01-26 23:20:47,20.1,b'{}'
1580060436348,2020-01-26 23:10:36,19.7,b'{}'
1580059839844,2020-01-26 23:00:39,19.6,b'{}'
1580059236844,2020-01-26 22:50:36,19.4,b'{}'
1580058634153,2020-01-26 22:40:34,19.6,b'{}'
1580058034711,2020-01-26 22:30:34,19.4,b'{}'
1580057442014,2020-01-26 22:20:42,18.9,b'{}'
1580056836426,2020-01-26 22:10:36,18.2,b'{}'
1580056236325,2020-01-26 22:00:36,17.4,b'{}'
1580055030070,2020-01-26 21:40:30,16.9,b'{}'
1580052632586,2020-01-26 21:00:32,16.9,b'{}'
1580052030563,2020-01-26 20:50:30,16.9,b'{}'
1580051436004,2020-01-26 20:40:36,17.0,b'{}'
1580050835474,2020-01-26 20:30:35,16.9,b'{}'
1580050234532,2020-01-26 20:20:34,16.9,b'{}'
1580049646894,2020-01-26 20:10:46,16.9,b'{}'
1580049043332,2020-01-26 20:00:43,16.9,b'{}'
1580048434883,2020-01-26 19:50:34,17.0,b'{}'
1580047836790,2020-01-26 19:40:36,16.9,b'{}'
1580047244931,2020-01-26 19:30:44,16.8,b'{}'
1580046034890,2020-01-26 19:10:34,16.9,b'{}'
1580045435901,2020-01-26 19:00:35,17.0,b'{}'
1580044838059,2020-01-26 18:50:38,16.9,b'{}'
1580044257737,2020-01-26 18:40:57,17.0,b'{}'
1580043636228,2020-01-26 18:30:36,16.9,b'{}'
1580043017391,2020-01-26 18:20:17,17.0,b'{}'
1580042415202,2020-01-26 18:10:15,16.9,b'{}'
1580041818076,2020-01-26 18:00:18,16.9,b'{}'
1580041229233,2020-01-26 17:50:29,17.0,b'{}'
1580039428257,2020-01-26 17:20:28,16.9,b'{}'
1580038813542,2020-01-26 17:10:13,17.1,b'{}'
1580037609193,2020-01-26 16:50:09,17.0,b'{}'
1580037010107,2020-01-26 16:40:10,17.1,b'{}'
1580036408042,2020-01-26 16:30:08,17.1,b'{}'
1580036022207,2020-01-26 16:23:42,17.3,b'{}'
1580035820446,2020-01-26 16:20:20,17.2,b'{}'
1580032212518,2020-01-26 15:20:12,17.1,b'{}'
1580031023373,2020-01-26 15:00:23,16.9,b'{}'
1580030414288,2020-01-26 14:50:14,17.0,b'{}'
1580029216098,2020-01-26 14:30:16,16.9,b'{}'
1580028008114,2020-01-26 14:10:08,17.0,b'{}'
1580027411114,2020-01-26 14:00:11,17.1,b'{}'
1580026812829,2020-01-26 13:50:12,17.2,b'{}'
1580026217124,2020-01-26 13:40:17,17.1,b'{}'
1580025613666,2020-01-26 13:30:13,17.1,b'{}'
1580025016587,2020-01-26 13:20:16,17.1,b'{}'
1580023808508,2020-01-26 13:00:08,17.2,b'{}'
1580023213170,2020-01-26 12:50:13,17.1,b'{}'
1580022610724,2020-01-26 12:40:10,17.0,b'{}'
1580021412223,2020-01-26 12:20:12,17.1,b'{}'
1580020817890,2020-01-26 12:10:17,17.1,b'{}'
1580020226772,2020-01-26 12:00:26,17.1,b'{}'
1580019026525,2020-01-26 11:40:26,17.0,b'{}'
1580017825461,2020-01-26 11:20:25,17.1,b'{}'
1580017213071,2020-01-26 11:10:13,17.1,b'{}'
1580016025507,2020-01-26 10:50:25,17.1,b'{}'
1580014215571,2020-01-26 10:20:15,17.0,b'{}'
1580013615645,2020-01-26 10:10:15,16.9,b'{}'
1580010621537,2020-01-26 09:20:21,17.0,b'{}'
1580008813942,2020-01-26 08:50:13,16.9,b'{}'
1580008209385,2020-01-26 08:40:09,16.9,b'{}'
1580007013767,2020-01-26 08:20:13,16.9,b'{}'
1580003437992,2020-01-26 07:20:37,16.9,b'{}'
1580002102820,2020-01-26 06:58:22,16.9,b'{}'
1579999224640,2020-01-26 06:10:24,16.9,b'{}'
1579998021250,2020-01-26 05:50:21,17.1,b'{}'
1579996812841,2020-01-26 05:30:12,17.2,b'{}'
1579996215717,2020-01-26 05:20:15,17.1,b'{}'
1579986617974,2020-01-26 02:40:17,17.1,b'{}'
1579984221591,2020-01-26 02:00:21,17.2,b'{}'
1579983609850,2020-01-26 01:50:09,17.1,b'{}'
1579981214376,2020-01-26 01:10:14,17.2,b'{}'
1579978210783,2020-01-26 00:20:10,17.2,b'{}'
1579977634741,2020-01-26 00:10:34,17.3,b'{}'
1579977024263,2020-01-26 00:00:24,17.4,b'{}'
1579976430541,2020-01-25 23:50:30,17.4,b'{}'
1579975819511,2020-01-25 23:40:19,17.6,b'{}'
1579975210250,2020-01-25 23:30:10,17.8,b'{}'
1579974616836,2020-01-25 23:20:16,17.9,b'{}'
1579974021794,2020-01-25 23:10:21,17.4,b'{}'
1579972814815,2020-01-25 22:50:14,17.0,b'{}'
1579972216820,2020-01-25 22:40:16,17.1,b'{}'
1579971018515,2020-01-25 22:20:18,17.1,b'{}'
1579970410454,2020-01-25 22:10:10,17.1,b'{}'
1579969815173,2020-01-25 22:00:15,17.1,b'{}'
1579969216195,2020-01-25 21:50:16,17.1,b'{}'
1579968615435,2020-01-25 21:40:15,16.9,b'{}'
1579968027788,2020-01-25 21:30:27,16.9,b'{}'
1579966824008,2020-01-25 21:10:24,17.1,b'{}'
1579965613926,2020-01-25 20:50:13,17.1,b'{}'
1579961411556,2020-01-25 19:40:11,17.1,b'{}'
1579959028142,2020-01-25 19:00:28,17.2,b'{}'
1579957818437,2020-01-25 18:40:18,17.1,b'{}'
1579956014202,2020-01-25 18:10:14,17.2,b'{}'
1579954233730,2020-01-25 17:40:33,17.1,b'{}'
1579953608599,2020-01-25 17:30:08,17.2,b'{}'
1579951811147,2020-01-25 17:00:11,17.2,b'{}'
1579950609363,2020-01-25 16:40:09,17.2,b'{}'
1579950017196,2020-01-25 16:30:17,17.1,b'{}'
1579948223317,2020-01-25 16:00:23,17.1,b'{}'
1579947033931,2020-01-25 15:40:33,17.1,b'{}'
1579945821117,2020-01-25 15:20:21,17.0,b'{}'
1579945211578,2020-01-25 15:10:11,16.9,b'{}'
1579944613357,2020-01-25 15:00:13,16.9,b'{}'
1579944019499,2020-01-25 14:50:19,16.8,b'{}'
1579943108886,2020-01-25 14:35:08,16.4,b'{}'
1579942820964,2020-01-25 14:30:20,16.4,b'{}'
1579932042148,2020-01-25 11:30:42,17.4,b'{}'
1579931422442,2020-01-25 11:20:22,17.2,b'{}'
1579930820410,2020-01-25 11:10:20,17.1,b'{}'
1579929632173,2020-01-25 10:50:32,17.2,b'{}'
1579928442725,2020-01-25 10:30:42,17.1,b'{}'
1579927813979,2020-01-25 10:20:13,17.0,b'{}'
1579927212862,2020-01-25 10:10:12,16.9,b'{}'
1579926636399,2020-01-25 10:00:36,16.7,b'{}'
1579926024243,2020-01-25 09:50:24,16.5,b'{}'
1579925726234,2020-01-25 09:45:26,16.4,b'{}'
1579918222652,2020-01-25 07:40:22,17.2,b'{}'
1579917026966,2020-01-25 07:20:26,17.2,b'{}'
1579916412050,2020-01-25 07:10:12,17.3,b'{}'
1579915814667,2020-01-25 07:00:14,17.2,b'{}'
1579915216844,2020-01-25 06:50:16,17.3,b'{}'
1579914611810,2020-01-25 06:40:11,17.2,b'{}'
1579914011656,2020-01-25 06:30:11,17.3,b'{}'
1579913411610,2020-01-25 06:20:11,17.2,b'{}'
1579912818246,2020-01-25 06:10:18,17.1,b'{}'
1579912231512,2020-01-25 06:00:31,17.0,b'{}'
1579911613121,2020-01-25 05:50:13,16.9,b'{}'
1579911205787,2020-01-25 05:43:25,16.8,b'{}'
1579903837470,2020-01-25 03:40:37,17.9,b'{}'
1579903213640,2020-01-25 03:30:13,18.0,b'{}'
1579902642225,2020-01-25 03:20:42,18.1,b'{}'
1579902019960,2020-01-25 03:10:19,18.2,b'{}'
1579901434025,2020-01-25 03:00:34,18.3,b'{}'
1579900219546,2020-01-25 02:40:19,18.4,b'{}'
1579899616620,2020-01-25 02:30:16,18.8,b'{}'
1579899031333,2020-01-25 02:20:31,19.3,b'{}'
1579898419233,2020-01-25 02:10:19,19.6,b'{}'
1579897820236,2020-01-25 02:00:20,19.8,b'{}'
1579897221914,2020-01-25 01:50:21,19.8,b'{}'
1579896041912,2020-01-25 01:30:41,19.6,b'{}'
1579895422178,2020-01-25 01:20:22,19.4,b'{}'
1579894823165,2020-01-25 01:10:23,19.4,b'{}'
1579894218792,2020-01-25 01:00:18,19.3,b'{}'
1579893626213,2020-01-25 00:50:26,19.2,b'{}'
1579893031588,2020-01-25 00:40:31,19.1,b'{}'
1579892423421,2020-01-25 00:30:23,19.0,b'{}'
1579891821654,2020-01-25 00:20:21,18.9,b'{}'
1579891234546,2020-01-25 00:10:34,18.8,b'{}'
1579890620897,2020-01-25 00:00:20,18.6,b'{}'
